lead_id,lead_type,category,name,country,city,email,phone,website,source,relevance_score,relevant,discovered_at,domain,confidence
6f65441afa2df309c910b168557d291d0d5db374,B2B,unknown,OpenSooq,Saudi Arabia,riyadh,,+966110120265,sa.opensooq.com,google_cse|query=kitchen cabinets Riyadh|rank=1|url=https://sa.opensooq.com/en/al-riyadh/home-garden/kitchens,37,False,2026-01-17T21:42:30.520950+00:00,sa.opensooq.com,0.6799999999999999
7bbc06d608a7e6b555c7560557f654bb04a7207f,B2B,unknown,cabinets and cupboards,Saudi Arabia,riyadh,,,haraj.com.sa,google_cse|query=خزائن مطبخ Riyadh|rank=7|url=https://haraj.com.sa/11124443860/%D8%A3%D8%B1%D8%AE%D8%B5_%D8%B3%D8%B9%D8%B1_%D8%B1%D8%AE%D8%A7%D9%85_%D8%B5%D9%86%D8%A7%D8%B9%D9%8A_%D9%85%D8%B7%D8%A7%D8%A8%D8%AE_%D8%AA%D8%B1%D9%83%D9%8A%D8%A8_%D9%88%D8%B5%D9%8A%D8%A7%D9%86%D8%A9_%D8%A7%D9%83%D8%B3%D8%B3%D9%88%D8%A7%D8%B1%D8%A7%D8%AA_%D8%A8%D8%A7%D9%84%D8%B1%D9%8A%D8%A7%D8%B6/,22,False,2026-01-17T21:42:30.520950+00:00,haraj.com.sa,0.83
060fd06bcc805c26b03d6464f9f5b1cc5e91b4d9,B2B,unknown,tamimi markets online,Saudi Arabia,khobar,,,shop.tamimimarkets.com,google_cse|query=kitchen showroom Riyadh|rank=3|url=https://shop.tamimimarkets.com/en/,0,False,2026-01-17T21:42:31.099761+00:00,shop.tamimimarkets.com,0.9
eb07c5bbabafcdddb7042e070f5d64893e8457f9,B2B,unknown,ramadan offers !,Saudi Arabia,unknown,,,nice.com.sa,google_cse|query=kitchen showroom Riyadh|rank=2|url=https://www.nice.com.sa/en/kitchen/,1,False,2026-01-17T21:42:31.099761+00:00,nice.com.sa,0.9
ba8f0bba7761ff106bb13705d3d8b829fe897b39,B2B,unknown,kitchen cabinet sets,Saudi Arabia,riyadh,,,amazon.sa,google_cse|query=kitchen cabinets Riyadh|rank=3|url=https://www.amazon.sa/-/en/b?ie=UTF8&node=51684824031,0,False,2026-01-17T21:42:30.520950+00:00,amazon.sa,0.9
743c6a2ccef8d0dd4e10f3d191eedeb8e349c57f,B2B,unknown,modern kitchens,unknown,unknown,shopping@ikea.com,+9668003040098,ikea.com,google_cse|query=kitchen cabinets Riyadh|rank=2|url=https://www.ikea.com/sa/en/rooms/kitchen/,26,False,2026-01-17T21:42:30.520950+00:00,ikea.com,0.79
cb515f9e9c9cfea2fbb731de609f911d3203351b,B2B,showroom,Sun Shine Pest Control Riyadh,Saudi Arabia,riyadh,info@sunshinepestcontrol.sa,+966114335756,sunshinepestcontrol.sa,google_cse|query=kitchen cabinets Riyadh|rank=7|url=https://sunshinepestcontrol.sa/kitchen-cupboard-cleaning-tips/,91,True,2026-01-17T21:42:30.520950+00:00,sunshinepestcontrol.sa,0.9299999999999999
1f107f1c756b4e09bdb42de1ccd58973998d77f4,B2B,showroom,"shop kitchen appliances in jeddah, riyadh, dammam, saudi arabia",Saudi Arabia,riyadh,contact@tamkeenstores.com.sa,+9668002444464,tamkeenstores.com.sa,google_cse|query=kitchen showroom Riyadh|rank=7|url=https://tamkeenstores.com.sa/en/category/cooking,55,False,2026-01-17T21:42:31.099761+00:00,tamkeenstores.com.sa,0.55
2c1750fbcce3e118835a3d2d5d6d301f9b781c6a,B2B,showroom,"luxury bathroom taps, shower heads & kitchen mixer taps",Saudi Arabia,unknown,more@www.lixil.com,,grohe.sa,google_cse|query=kitchen showroom Riyadh|rank=10|url=https://www.grohe.sa/en_sa/,53,False,2026-01-17T21:42:31.099761+00:00,grohe.sa,0.55
263b91e5bf86e4d7a6aa28e527c9510592e08973,B2B,unknown,"book new holiday serviced apartments, riyadh, updated 2026 prices, reviews & address",Saudi Arabia,riyadh,,+966112199500,almosafer.com,google_cse|query=kitchen cabinets Riyadh|rank=10|url=https://www.almosafer.com/en/hotel/details/atg/new-holiday-serviced-apartments-3048589,0,False,2026-01-17T21:42:30.520950+00:00,almosafer.com,0.9
5c4848d45cd9ce241f4af43df9cb9c92a4e76ff9,B2B,showroom,Ixina,Saudi Arabia,unknown,,+9668002477774,ixina.sa,google_cse|query=custom kitchen Riyadh|rank=2|url=https://www.ixina.sa/en/,100,True,2026-01-17T21:42:31.953021+00:00,ixina.sa,0.95
83f649ad2a7938d46df579f051b510bec930ca5b,B2B,unknown,zagzoog for  appliances opens the first kitchen aid showroom in the kingdom of saudi arabia,Saudi Arabia,riyadh,info@eyeofdubai.ae,+966112735522,m.eyeofriyadh.com,google_cse|query=kitchen showroom Riyadh|rank=8|url=https://m.eyeofriyadh.com/news/details/zagzoog-for-home-appliances-opens-the-first-kitchen-aid-showroom-in-the-kingdom-of-saudi-arabia,0,False,2026-01-17T21:42:31.099761+00:00,m.eyeofriyadh.com,0.9
316b9698d84135f89861386687c89765d0ca09f5,B2B,showroom,CookingTech Essentials KSA,Saudi Arabia,riyadh,info@cookingtech.sa,+966541003477,cookingtech.sa,google_cse|query=modular kitchen Riyadh|rank=2|url=https://cookingtech.sa/modular-kitchens-saudi/,46,False,2026-01-17T21:42:31.443553+00:00,cookingtech.sa,0.55
fb02d099d86cf3127c4c043e45ea76dc1a823610,B2B,unknown,ace future kitchen.,Saudi Arabia,riyadh,,,sa.linkedin.com,google_cse|query=interior fit out Riyadh|rank=3|url=https://sa.linkedin.com/company/fitoutsolutions,10,False,2026-01-17T21:42:32.466220+00:00,sa.linkedin.com,0.9
b1ccb346f6c74937b55d7a4ef92477ca9668099c,B2B,unknown,riyadh central kitchen,Saudi Arabia,riyadh,a.hemdan@almays.com.sa,+966126637184,almays.com.sa,google_cse|query=custom kitchen Riyadh|rank=4|url=https://almays.com.sa/en/projects/riyadh-central-kitchen/,29,False,2026-01-17T21:42:31.953021+00:00,almays.com.sa,0.76
3bb9f59809b25af27889befb02c3819a66edfaf8,B2B,designer,riyadh gate,Saudi Arabia,riyadh,info@riyadgatewood.com,+966533713268,riyadgatewood.com,google_cse|query=custom kitchen Riyadh|rank=8|url=https://riyadgatewood.com/,72,True,2026-01-17T21:42:31.953021+00:00,riyadgatewood.com,0.74
a1930ed3c595f04f16cfc8f2964fc713ea3e1550,B2B,fit-out,expert hvac contracting services in riyadh & dammam,Saudi Arabia,riyadh,info@ssomco.sa,+966135829992,ssomco.sa,google_cse|query=kitchen installation Riyadh|rank=2|url=https://ssomco.sa/hvac-repair-and-installation-services-in-riyadh-ssomco/,70,True,2026-01-17T21:42:32.466220+00:00,ssomco.sa,0.72
98f5f976ef89a1d5b4a9b44a8ba2bb3c948c5882,B2B,showroom,Midas Furniture,Saudi Arabia,unknown,info@midasfurniture.com,+966920004621,midasfurniture.com,google_cse|query=wardrobes Riyadh|rank=9|url=https://midasfurniture.com/ksa_en/home-furniture/bedroom-sets/wardrobes.html,76,True,2026-01-17T21:42:32.978048+00:00,midasfurniture.com,0.78
8d464a7ccdcec6c05502e2dff7df82a7b65ef6fc,B2B,fit-out,office cupboards archives,Saudi Arabia,riyadh,sales@officefurniture.sa,+966546355058,officefurniture.sa,google_cse|query=wardrobes Riyadh|rank=10|url=https://officefurniture.sa/product-category/office-storage-saudi-arabia-cabinet-archives-shop-now/office-cupboards/,77,True,2026-01-17T21:42:32.978048+00:00,officefurniture.sa,0.79
dbcb2ecb0bfd797e07d6b225457dafde985a93c1,B2B,unknown,accommodation,Saudi Arabia,riyadh,leasing@crr.com.sa,+966112279111,crr.com.sa,google_cse|query=walk-in closet Riyadh|rank=5|url=https://www.crr.com.sa/accommodation/three-bedroom-apartment,17,False,2026-01-17T21:42:33.286786+00:00,crr.com.sa,0.88
484f277a2b12bc12d0ecaaf9d54ea1b53bccd141,B2B,unknown,creative closets,Saudi Arabia,riyadh,rbd-bankatwork@riyadbank.com,+966114013030,riyadbank.com,google_cse|query=wardrobes Riyadh|rank=5|url=https://www.riyadbank.com/creative-closets,0,False,2026-01-17T21:42:32.978048+00:00,riyadbank.com,0.9
0c70d03de7af069c2beb483b2f808a8f865f7b66,B2B,unknown,"apartment in al yasmin, north riyadh at 90,000",Saudi Arabia,riyadh,,+966555223769,bayut.sa,google_cse|query=walk-in closet Riyadh|rank=8|url=https://www.bayut.sa/en/property/details-87809016.html,0,False,2026-01-17T21:42:33.286786+00:00,bayut.sa,0.9
06eaf0a44d7e1426e5b05c37cecec4025d8d9cc3,B2B,showroom,we help you make the best choice,Saudi Arabia,riyadh,,+966112600900,unitedclosets.sa,google_cse|query=walk-in closet Riyadh|rank=1|url=https://unitedclosets.sa/en/,81,True,2026-01-17T21:42:33.286786+00:00,unitedclosets.sa,0.83
4596945dc9d4922ea775ab00bf489f510ec5418c,B2B,developer,aress compound by alsoliman real estate,Saudi Arabia,riyadh,,+966556666755,alsoliman.com.sa,google_cse|query=walk-in closet Riyadh|rank=7|url=https://alsoliman.com.sa/en/selling/project/aresscompound132,69,False,2026-01-17T21:42:33.286786+00:00,alsoliman.com.sa,0.55
aa92bbf2de167da033b4b47408223e0d04664494,B2B,unknown,افضل المطابخ في السعودية,Saudi Arabia,الرياض,info@alkhaleejion.com,+966920013032,alkhaleejion.com,google_cse|query=مطابخ Riyadh|rank=1|url=https://alkhaleejion.com/,16,False,2026-01-17T21:42:33.699663+00:00,alkhaleejion.com,0.8899999999999999
76ba36866e1de25606cc8dbc3903ccc24f891274,B2B,unknown,"rabwa 2 compound in al rabwa, riyadh",Saudi Arabia,riyadh,info@fayunited.com,+966920022709,fayunited.com.sa,google_cse|query=walk-in closet Riyadh|rank=9|url=https://fayunited.com.sa/en/projects/rabwa-2-compound-in-al-rabwa-riyadh/,0,False,2026-01-17T21:42:33.286786+00:00,fayunited.com.sa,0.9
2f882a8971430fc2b132ce4ec28bcafcf67c487a,B2B,unknown,منيو التوصيل من مطاعم و مطابخ الرياض في الراشدية,Saudi Arabia,الرياض,,,hungerstation.com,google_cse|query=مطابخ Riyadh|rank=2|url=https://hungerstation.com/sa-ar/restaurant/%D9%85%D9%83%D8%A9-%D8%A7%D9%84%D9%85%D9%83%D8%B1%D9%85%D8%A9/%D8%A7%D9%84%D8%B1%D8%A7%D8%B4%D8%AF%D9%8A%D8%A9/122302,0,False,2026-01-17T21:42:33.699663+00:00,hungerstation.com,0.9
1d6f2596e38009d8f68daf323ba3cb9be6e7923c,B2B,showroom,افضل تفصيل مطابخ الرياض​,Saudi Arabia,riyadh,admin@zelalkitchensriyadh.sa,+966559233110,zelalkitchensriyadh.sa,google_cse|query=تفصيل مطابخ Riyadh|rank=8|url=https://zelalkitchensriyadh.sa/,100,True,2026-01-17T21:42:34.167271+00:00,zelalkitchensriyadh.sa,0.95
dc87aea52b4d990b42af8af06af7c3e8eef6ae91,B2B,unknown,شركة تنظيف مطابخ بالرياض مع التعقيم,Saudi Arabia,riyadh,info@roknnagd.com,+966500304850,roknnagd.com,google_cse|query=مطابخ Riyadh|rank=10|url=https://www.roknnagd.com/service/%D8%AA%D9%86%D8%B8%D9%8A%D9%81-%D9%85%D8%B7%D8%A7%D8%A8%D8%AE-%D8%A8%D8%A7%D9%84%D8%B1%D9%8A%D8%A7%D8%B6/,0,False,2026-01-17T21:42:33.699663+00:00,roknnagd.com,0.9
2d27c8f6a62bf8467cfd2e51121609e8dfdc0d71,B2B,designer,wardrobes archives,Saudi Arabia,riyadh,marketing@woody.com.sa,+966920002671,woody.com.sa,google_cse|query=wardrobes Riyadh|rank=4|url=https://woody.com.sa/product-category/bed-rooms/bedroom-wardrobes-en/?lang=en,74,True,2026-01-17T21:42:32.978048+00:00,woody.com.sa,0.76
aa0bed6e31c9326f793393ae1757d64822637844,B2B,fit-out,تفصيل مطابخ ألمنيوم بالرياض 0530851823,Saudi Arabia,الرياض,support@hssaco.com,+966500726889,detectingwaterleaks.com,google_cse|query=تفصيل مطابخ Riyadh|rank=10|url=https://detectingwaterleaks.com/%D8%AA%D9%81%D8%B5%D9%8A%D9%84-%D9%85%D8%B7%D8%A7%D8%A8%D8%AE-%D8%A3%D9%84%D9%85%D9%86%D9%8A%D9%88%D9%85-%D8%A8%D8%A7%D9%84%D8%B1%D9%8A%D8%A7%D8%B6/,94,True,2026-01-17T21:42:34.167271+00:00,detectingwaterleaks.com,0.95
4d263157efc9c6dd3d2ceb2acb88423146d8482a,B2B,showroom,مطابخ الامانه,Saudi Arabia,riyadh,sales@amanakitchens.sa,+966502967807,amanakitchens.sa,google_cse|query=مطابخ Riyadh|rank=4|url=https://amanakitchens.sa/,74,True,2026-01-17T21:42:33.699663+00:00,amanakitchens.sa,0.76
394d6e705fc442abd1a17e4033249edbede96cec,B2B,fit-out,تصميم وتفصيل المطابخ,Saudi Arabia,riyadh,,+966554025966,m-elmansour.sa,google_cse|query=تفصيل مطابخ Riyadh|rank=5|url=https://m-elmansour.sa/design-detail-kitchens/,100,True,2026-01-17T21:42:34.167271+00:00,m-elmansour.sa,0.95
521430855bfa81a48d95687758c99ee57ceab24a,B2B,showroom,فنى فك وتركيب مطابخ بالرياض 0551988465 فنى صيانة مطابخ,Saudi Arabia,الرياض,,+966551988465,forsanriyadh.com,google_cse|query=تركيب مطابخ Riyadh|rank=10|url=https://forsanriyadh.com/%D8%B4%D8%B1%D9%83%D8%A9-%D9%81%D9%83-%D9%88%D8%AA%D8%B1%D9%83%D9%8A%D8%A8-%D9%85%D8%B7%D8%A7%D8%A8%D8%AE-%D8%A8%D8%A7%D9%84%D8%B1%D9%8A%D8%A7%D8%B6/,91,True,2026-01-17T21:42:34.615589+00:00,forsanriyadh.com,0.9299999999999999
fad081c7187b1ed2c0964bf7c8fa8266f9da402a,B2B,showroom,فني تركيب مطابخ بالرياض,Saudi Arabia,الرياض,,+966531170246,furniture-riyadh.com,google_cse|query=تركيب مطابخ Riyadh|rank=6|url=https://furniture-riyadh.com/%D9%81%D9%86%D9%8A-%D8%AA%D8%B1%D9%83%D9%8A%D8%A8-%D9%85%D8%B7%D8%A7%D8%A8%D8%AE-%D8%A8%D8%A7%D9%84%D8%B1%D9%8A%D8%A7%D8%B6/,91,True,2026-01-17T21:42:34.615589+00:00,furniture-riyadh.com,0.9299999999999999
6c6cd31d3cc0a568bb9270d186d34b994426a322,B2B,fit-out,فني فك وتركيب مطابخ بالرياض 0575862059 بافضل الاسعار,Saudi Arabia,الرياض,,+966539346546,naseemalriad.com,google_cse|query=تركيب مطابخ Riyadh|rank=1|url=https://naseemalriad.com/12322/,91,True,2026-01-17T21:42:34.615589+00:00,naseemalriad.com,0.9299999999999999
731ad55e434c1f720e3e0b5ad05f3ae0f2a16419,B2B,fit-out,شركة تركيب المطابخ غرب الرياض,Saudi Arabia,الرياض,,+966501002833,al-amgad.com,google_cse|query=تركيب مطابخ Riyadh|rank=8|url=https://al-amgad.com/%D8%B4%D8%B1%D9%83%D8%A9-%D8%AA%D8%B1%D9%83%D9%8A%D8%A8-%D8%A7%D9%84%D9%85%D8%B7%D8%A7%D8%A8%D8%AE-%D8%BA%D8%B1%D8%A8-%D8%A7%D9%84%D8%B1%D9%8A%D8%A7%D8%B6/,84,True,2026-01-17T21:42:34.615589+00:00,al-amgad.com,0.86
dfc427120cc2fcea2b8f4f929fac0e23d8a672a9,B2B,unknown,الخزائن الأنيقة,Saudi Arabia,الرياض,info@uniqueclosets.sa,+966920004738,uniqueclosets.sa,google_cse|query=غرف ملابس Riyadh|rank=2|url=https://uniqueclosets.sa/,39,False,2026-01-17T21:42:35.349659+00:00,uniqueclosets.sa,0.6599999999999999
8824c0e100cc75f84a9b3e4bb44db4c495f6c11b,B2B,unknown,نما هوم,Saudi Arabia,الرياض,namahome2030@gmail.com,+966534438830,nmahom.sa,google_cse|query=دواليب Riyadh|rank=5|url=https://nmahom.sa/categories/1357475/%D9%82%D8%B3%D9%85-%D8%A7%D9%84%D8%AF%D9%88%D8%A7%D9%84%D9%8A%D8%A8-%D8%AF%D9%88%D8%A7%D9%84%D9%8A%D8%A8-%D8%A7%D9%84%D9%85%D9%83%D8%A7%D8%AA%D8%A8,41,False,2026-01-17T21:42:35.743088+00:00,nmahom.sa,0.64
0d27e2696e384f04b5be6e77dbfe2352f4ee69c6,B2B,fit-out,نجار تركيب دواليب بالرياض,Saudi Arabia,الرياض,,+966539405738,hilal-alkhalij.com,google_cse|query=دواليب Riyadh|rank=8|url=https://hilal-alkhalij.com/%D9%86%D8%AC%D8%A7%D8%B1-%D8%AA%D8%B1%D9%83%D9%8A%D8%A8-%D8%AF%D9%88%D8%A7%D9%84%D9%8A%D8%A8-%D8%A8%D8%A7%D9%84%D8%B1%D9%8A%D8%A7%D8%B6/,80,True,2026-01-17T21:42:35.743088+00:00,hilal-alkhalij.com,0.82
58c0f3512e35065bc5a00c2cf54e45e04111f1de,B2B,fit-out,بيتونيا | baytonia.com | ...أكبر موقع سعودي للأثاث المميز و الاكسسوارات المنزلية | منتجات حصرية ومنتقاة بعناية لتعطي منزلك روحا أجمل,Saudi Arabia,الرياض,b2b@baytonia.com,+966559281248,baytonia.com,google_cse|query=غرف ملابس Riyadh|rank=8|url=https://baytonia.com/%D8%A7%D8%AB%D8%A7%D8%AB/%D8%BA%D8%B1%D9%81-%D8%A7%D9%84%D9%86%D9%88%D9%85.html,63,False,2026-01-17T21:42:35.349659+00:00,baytonia.com,0.55
9d9dc8de831355a86d26dae9fe837f2a4e08e4e1,B2B,fit-out,شركة فك وتركيب دواليب بالرياض 0530815393,Saudi Arabia,الرياض,info@saudiclean.com,+966530815393,saudiclean.com,google_cse|query=دواليب Riyadh|rank=7|url=https://www.saudiclean.com/dismantling-installing-wheels-riyadh/,87,True,2026-01-17T21:42:35.743088+00:00,saudiclean.com,0.89
5eabd401f7ab5da9cd4161a487217e0e0e7790d4,B2B,fit-out,best office interior fit,Saudi Arabia,riyadh,info@vater.qa,+966539688825,vater.sa,google_cse|query=fit out contractor Riyadh|rank=1|url=https://vater.sa/riyadh.php,94,True,2026-01-17T21:42:36.254885+00:00,vater.sa,0.95
cce09c37eb53332a1bb7fdb6fb17c69cd2bba1ae,B2B,unknown,"hyundai kitchen hood, 90 cm, 1000 mv power",Saudi Arabia,riyadh,,+966543881236,summerecho.sa,google_cse|query=kitchen installation Riyadh|rank=6|url=https://www.summerecho.sa/product/hyundai-kitchen-hood-90-cm-1000-mv-power-steel/?lang=en,26,False,2026-01-17T21:42:32.466220+00:00,summerecho.sa,0.79
aaa951026dc503b97f05a28dc77983eb96c7fc00,B2B,unknown,دور للإيجار في شمال الرياض 4 أربع غرف,Saudi Arabia,الرياض,,,sa.aqar.fm,google_cse|query=غرف ملابس Riyadh|rank=6|url=https://sa.aqar.fm/%D8%AF%D9%88%D8%B1-%D9%84%D9%84%D8%A5%D9%8A%D8%AC%D8%A7%D8%B1/%D8%A7%D9%84%D8%B1%D9%8A%D8%A7%D8%B6/%D8%B4%D9%85%D8%A7%D9%84-%D8%A7%D9%84%D8%B1%D9%8A%D8%A7%D8%B6/%D8%A3%D8%B1%D8%A8%D8%B9-%D8%BA%D8%B1%D9%81,0,False,2026-01-17T21:42:35.349659+00:00,sa.aqar.fm,0.9
c3491d83704a1338926520213f56cfaa5f0397e9,B2B,fit-out,interior design company,Saudi Arabia,riyadh,info@huda.com.sa,+966543851999,huda.com.sa,google_cse|query=fit out contractor Riyadh|rank=2|url=https://huda.com.sa/interior-fit-out-finishing-works/,79,True,2026-01-17T21:42:36.254885+00:00,huda.com.sa,0.8099999999999999
90a4dcce6dba2c582b3ae15ede3b3b48061a4886,B2B,unknown,unknown,Saudi Arabia,riyadh,info@mrtc.com.sa,+966114001199,mrtc.com.sa,google_cse|query=fit out contractor Riyadh|rank=4|url=https://mrtc.com.sa/,15,False,2026-01-17T21:42:36.254885+00:00,mrtc.com.sa,0.8999999999999999
ebbfa79b8d63f5cb69b72451ade11d31c2f2d90d,B2B,fit-out,turnkey fit out solutions ksa for premium office riyadh,Saudi Arabia,riyadh,info@spacearabia.sa,+966546355058,spacearabia.sa,google_cse|query=fit out contractor Riyadh|rank=10|url=https://spacearabia.sa/residential-acoustic-solutions/turnkey-fit-out-solutions-ksa/,100,True,2026-01-17T21:42:36.254885+00:00,spacearabia.sa,0.95
b8e185b8900f935efddec7c144bdbbe4d40712c2,B2B,fit-out,fitout & furnishing,Saudi Arabia,jeddah,info@balubaid.com,+966126404444,balubaid.com,google_cse|query=fit out contractor Riyadh|rank=7|url=https://www.balubaid.com/fitout-and-furnishing/,54,False,2026-01-17T21:42:36.254885+00:00,balubaid.com,0.55
6321da51ba1c8f62f045b5f8566195db33a16bc3,B2B,fit-out,crc,Saudi Arabia,riyadh,connect@crc.sa,+966126366601,crc.sa,google_cse|query=fit out contractor Riyadh|rank=8|url=https://www.crc.sa/,94,True,2026-01-17T21:42:36.254885+00:00,crc.sa,0.95
e046d01ebcb08e39881da28a5b550f490683c5c7,B2B,architect,cap france bat,Saudi Arabia,riyadh,cfb.gc@cfb.com.sa,+966114743437,cfb.com.sa,google_cse|query=fit out contractor Riyadh|rank=6|url=https://cfb.com.sa/,61,False,2026-01-17T21:42:36.254885+00:00,cfb.com.sa,0.55
042cb0455470ce0a4e7a63f19b0bee5c00173def,B2B,architect,SK Touch,Saudi Arabia,riyadh,info@sk-touch.com,+9615922913,sk-touch.com,google_cse|query=interior fit out Riyadh|rank=6|url=https://www.sk-touch.com/interior-design-riyadh.html,81,True,2026-01-17T21:42:36.664152+00:00,sk-touch.com,0.83
4c7143abc4be4bc391056550d02b83ae3fca60f9,B2B,fit-out,os fitout co.,Saudi Arabia,riyadh,anish@osfitout.com.sa,+966114001199,osfitout.com.sa,google_cse|query=interior fit out Riyadh|rank=8|url=https://www.osfitout.com.sa/,85,True,2026-01-17T21:42:36.664152+00:00,osfitout.com.sa,0.87
320bf9d56cbde240a8210d96ea9325513294879a,B2B,fit-out,interior fit,Saudi Arabia,riyadh,hello@evolutionscenic.com,+966114504718,evolutionscenic.sa,google_cse|query=turnkey interior Riyadh|rank=9|url=https://www.evolutionscenic.sa/interior-fit-outs.html,92,True,2026-01-17T21:42:36.971123+00:00,evolutionscenic.sa,0.94
337c7876754b5801cd51ef79f934bcd031dc0338,B2B,fit-out,"modernvision contracting, interior design, construction company in riyadh",Saudi Arabia,riyadh,,+966583130018,modernvision.sa,google_cse|query=interior finishing contractor Riyadh|rank=3|url=https://modernvision.sa/en,71,True,2026-01-17T21:42:37.380646+00:00,modernvision.sa,0.73
918675ce4eadd853a9cdba8091101d01bc338629,B2B,fit-out,"kfmc er, riyadh, saudi arabia",Saudi Arabia,riyadh,,+12812401007,nmg.us.com,google_cse|query=turnkey interior Riyadh|rank=10|url=https://nmg.us.com/portfolio/kfmc-er-riyadh-saudi-arabia/,89,True,2026-01-17T21:42:36.971123+00:00,nmg.us.com,0.9099999999999999
d877847db36cc549d37136844766ea1e5b0a7962,B2B,fit-out,nwwc admin building finishing works,Saudi Arabia,riyadh,info@fbc.com.sa,+966114926554,fbc.com.sa,google_cse|query=interior finishing contractor Riyadh|rank=5|url=https://fbc.com.sa/project/nwwc-admin-building-finishing-works/,59,False,2026-01-17T21:42:37.380646+00:00,fbc.com.sa,0.55
a8f6c18f645e13f532ae7b5ba49136d20d8d9967,B2B,fit-out,interior designing and finishing works,Saudi Arabia,riyadh,info@ssmcc.sa,,ssmcc.sa,google_cse|query=interior finishing contractor Riyadh|rank=6|url=https://ssmcc.sa/en/service/interior-designing-and-finishing-works/,53,False,2026-01-17T21:42:37.380646+00:00,ssmcc.sa,0.55
220c524940b88abe1814115f39ff4ccd0133742a,B2B,showroom,finishing services in saudi arabia,Saudi Arabia,riyadh,info@fwo.sa,+966507309650,fwo.sa,google_cse|query=interior finishing contractor Riyadh|rank=7|url=https://fwo.sa/finishing/,76,True,2026-01-17T21:42:37.380646+00:00,fwo.sa,0.78
73ff9fd22500ac524fd3e34d454651b925892ae9,B2B,fit-out,finishing & fit,Saudi Arabia,riyadh,info@mswc.com,+966138320636,mswc.sa,google_cse|query=fit out contractor Riyadh|rank=9|url=https://mswc.sa/service/finishing-fit-out/,90,True,2026-01-17T21:42:36.254885+00:00,mswc.sa,0.9199999999999999
c793f24aa17a3f93baf47e39a7a1bebe09a2b076,B2B,unknown,tmg ksa,Saudi Arabia,riyadh,,,talaatmoustafa.sa,google_cse|query=interior finishing contractor Riyadh|rank=8|url=https://talaatmoustafa.sa/en/news-details/14,0,False,2026-01-17T21:42:37.380646+00:00,talaatmoustafa.sa,0.9
35c06c0bfaba2961ba4af238b4c05e9824bc6c74,B2B,fit-out,unknown,Saudi Arabia,riyadh,info@lujain.com.sa,+966920014197,lujain.com.sa,google_cse|query=interior fit out Riyadh|rank=4|url=https://lujain.com.sa/,93,True,2026-01-17T21:42:36.664152+00:00,lujain.com.sa,0.95
69d07601d97e21e88c8c49df99591aadc57cea68,B2B,unknown,اسمنت التشطيب,Saudi Arabia,riyadh,,+966112611888,riyadhcement.com.sa,google_cse|query=تشطيب Riyadh|rank=1|url=https://www.riyadhcement.com.sa/products/10,34,False,2026-01-17T21:42:37.893354+00:00,riyadhcement.com.sa,0.71
1c521e0f3571efbd0eb6d59c99eb5cbd24500c42,B2B,fit-out,أفضل 40 مزودي خدمة تشطيب بالتقسيط في homerun,Saudi Arabia,الرياض,support@homerun.com.sa,,homerun.com.sa,google_cse|query=تشطيب Riyadh|rank=5|url=https://homerun.com.sa/%D8%A7%D9%84%D8%B1%D9%8A%D8%A7%D8%B6-%D8%AA%D8%B4%D8%B7%D9%8A%D8%A8-%D8%A8%D8%A7%D9%84%D8%AA%D9%82%D8%B3%D9%8A%D8%B7,68,False,2026-01-17T21:42:37.893354+00:00,homerun.com.sa,0.55
cb9ff8ac2cfb8a5e9f2665137a139f8eac30270f,B2B,fit-out,tycoon contracting,Saudi Arabia,riyadh,info@tycoon.com.sa,+966112228666,tycoon.com.sa,google_cse|query=interior finishing contractor Riyadh|rank=10|url=https://tycoon.com.sa/en/,59,False,2026-01-17T21:42:37.380646+00:00,tycoon.com.sa,0.55
df5660e4ef076284f95c39a8a4ceb7b1e555dcf2,B2B,fit-out,شركة تشطيبات بالرياض,Saudi Arabia,الرياض,,+966509114128,house-glory.com,google_cse|query=مقاول تشطيبات Riyadh|rank=5|url=https://www.house-glory.com/%D8%B4%D8%B1%D9%83%D8%A9-%D8%AA%D8%B4%D8%B7%D9%8A%D8%A8-%D8%A8%D8%A7%D9%84%D8%B1%D9%8A%D8%A7%D8%B6/,80,True,2026-01-17T21:42:38.301543+00:00,house-glory.com,0.82
02e6342a9c3f2aff0505649ee4b4ef64c83a370f,B2B,unknown,شركة حنين المتحدة للمقاولات,Saudi Arabia,jeddah,info@hunainunited.sa,+966920004992,hunainunited.sa,google_cse|query=تشطيب Riyadh|rank=10|url=https://www.hunainunited.sa/post/the-best-finishing-companies-in-saudi-arabia,52,False,2026-01-17T21:42:37.893354+00:00,hunainunited.sa,0.55
4ae4d676bafdf8ac3481138925bfe3fe6de84157,B2B,fit-out,مقاول ملاحق الرياض,Saudi Arabia,الرياض,,+966556645119,t9amim.com,google_cse|query=مقاول تشطيبات Riyadh|rank=8|url=https://t9amim.com/%D9%85%D9%82%D8%A7%D9%88%D9%84-%D9%85%D9%84%D8%A7%D8%AD%D9%82-%D8%A7%D9%84%D8%B1%D9%8A%D8%A7%D8%B6/,45,False,2026-01-17T21:42:38.301543+00:00,t9amim.com,0.55
105a5134b5d6fcf98abe604478755160d5624d52,B2B,showroom,مقاول عظم بالرياض 0500958844,Saudi Arabia,الرياض,,+201014347454,lmsatt.com,google_cse|query=مقاول تشطيبات Riyadh|rank=7|url=https://lmsatt.com/%D9%85%D9%82%D8%A7%D9%88%D9%84-%D8%B9%D8%B8%D9%85-%D8%A8%D8%A7%D9%84%D8%B1%D9%8A%D8%A7%D8%B6/,80,True,2026-01-17T21:42:38.301543+00:00,lmsatt.com,0.82
966569d0230fae02025ed35da766d850e17eeddd,B2B,fit-out,مقاول ملاحق بالرياض 0536412234 بناء وتشطيب ملاحق في الرياض,Saudi Arabia,الرياض,,+966535939930,al-fouad.net,google_cse|query=مقاول تشطيبات Riyadh|rank=10|url=https://al-fouad.net/%D9%85%D9%82%D8%A7%D9%88%D9%84-%D9%85%D9%84%D8%A7%D8%AD%D9%82-%D8%A8%D8%A7%D9%84%D8%B1%D9%8A%D8%A7%D8%B6/,71,True,2026-01-17T21:42:38.301543+00:00,al-fouad.net,0.73
4d37f9f0a14be672660b27e3d2ced314adf26d22,B2B,fit-out,مقاول تسليم مفتاح الرياض ممتاز 0536287874 اتصل الان,Saudi Arabia,الرياض,,+966536287874,bayt-saudi.com,google_cse|query=مقاول تشطيبات Riyadh|rank=4|url=https://www.bayt-saudi.com/%D9%85%D9%82%D8%A7%D9%88%D9%84-%D8%AA%D8%B3%D9%84%D9%8A%D9%85-%D9%85%D9%81%D8%AA%D8%A7%D8%AD-%D8%A7%D9%84%D8%B1%D9%8A%D8%A7%D8%B6/,89,True,2026-01-17T21:42:38.301543+00:00,bayt-saudi.com,0.9099999999999999
4840cf33e2aa2483fc95638cc99ea5c9cf356b7b,B2B,fit-out,مقاول تسليم مفتاح بالرياض,Saudi Arabia,الرياض,,+966508139907,ardaliinjaz.com,google_cse|query=تسليم مفتاح Riyadh|rank=2|url=https://www.ardaliinjaz.com/%D9%85%D9%82%D8%A7%D9%88%D9%84-%D8%AA%D8%B3%D9%84%D9%8A%D9%85-%D9%85%D9%81%D8%AA%D8%A7%D8%AD-%D8%A8%D8%A7%D9%84%D8%B1%D9%8A%D8%A7%D8%B6/,89,True,2026-01-17T21:42:38.918370+00:00,ardaliinjaz.com,0.9099999999999999
d4304b3b4dce7408fd85f467579e42d0792b6fc2,B2B,fit-out,مقاول تسليم مفتاح في الرياض,Saudi Arabia,الرياض,,+966551765717,hatim.com.sa,google_cse|query=تسليم مفتاح Riyadh|rank=7|url=https://hatim.com.sa/%D9%85%D9%82%D8%A7%D9%88%D9%84-%D8%AA%D8%B3%D9%84%D9%8A%D9%85-%D9%85%D9%81%D8%AA%D8%A7%D8%AD-%D9%81%D9%8A-%D8%A7%D9%84%D8%B1%D9%8A%D8%A7%D8%B6/,91,True,2026-01-17T21:42:38.918370+00:00,hatim.com.sa,0.9299999999999999
847b5298c23b9443c27e5e0e06ff08275672369f,B2B,unknown,شركة تنظيف بعد التشطيب بالرياض وجدة ومكة,Saudi Arabia,الرياض,info@starfab-group.com,+966557018114,starfab.sa,google_cse|query=تشطيب Riyadh|rank=9|url=https://starfab.sa/services/postconstruction-cleaning/,3,False,2026-01-17T21:42:37.893354+00:00,starfab.sa,0.9
33ad756813a5de5ca47e97f63ae01cc32c9d38d3,B2B,fit-out,أعمال تسليم المفتاح,Saudi Arabia,الرياض,admin@meyar.com.sa,+966114195460,meyar.com.sa,google_cse|query=تسليم مفتاح Riyadh|rank=3|url=https://meyar.com.sa/Services/4.html,70,True,2026-01-17T21:42:38.918370+00:00,meyar.com.sa,0.72
489dfb50c02ee2d56f082d77dbd6176ebb2052e9,B2B,unknown,الرئيسية,Saudi Arabia,الرياض,info@salehcars.com,+966111454154,salehcars.com,google_cse|query=فيت اوت Riyadh|rank=2|url=https://www.salehcars.com/,0,False,2026-01-17T21:42:39.428859+00:00,salehcars.com,0.9
5d9bf73aa51530201bb8109feb0c12ff81d335d8,B2B,architect,dar al riyadh,Saudi Arabia,riyadh,info@daralriyadh.com,+966112775900,daralriyadh.com,google_cse|query=engineering consultancy Riyadh|rank=2|url=https://www.daralriyadh.com/en/,52,False,2026-01-17T21:42:39.849350+00:00,daralriyadh.com,0.55
01d263fa1610437213d7aca02a71f222e75b53cf,B2B,unknown,Ma-fo.info,Saudi Arabia,riyadh,info@zaco.sa,+966530000858,zaco.sa,google_cse|query=engineering consultancy Riyadh|rank=7|url=https://zaco.sa/,36,False,2026-01-17T21:42:39.849350+00:00,zaco.sa,0.69
e323dce9aede1532434e8c32ccfed2a6edcd8230,B2B,fit-out,specialist,Saudi Arabia,riyadh,info@specialist.com.sa,+20222716224,specialist.com.sa,google_cse|query=engineering consultancy Riyadh|rank=8|url=https://specialist.com.sa/,59,False,2026-01-17T21:42:39.849350+00:00,specialist.com.sa,0.55
666a11994eda5f729e6a38c3ba2313e82f2b7c29,B2B,fit-out,towa development co,Saudi Arabia,الرياض,info@towa.com.sa,+966114669666,towa.com.sa,google_cse|query=تشطيب Riyadh|rank=6|url=https://towa.com.sa/product/%D8%A3%D8%B3%D9%85%D9%86%D8%AA-%D8%A7%D9%84%D8%AA%D8%B4%D8%B7%D9%8A%D8%A8---%D8%A7%D9%84%D8%B1%D9%8A%D8%A7%D8%B6,59,False,2026-01-17T21:42:37.893354+00:00,towa.com.sa,0.55
1fb449d33b4193ef8ae788d61301fbc5ccad1e66,B2B,designer,ACECO,Saudi Arabia,riyadh,info@aceco.sa,+966554247881,aceco.sa,google_cse|query=engineering consultancy Riyadh|rank=10|url=https://www.aceco.sa/,59,False,2026-01-17T21:42:39.849350+00:00,aceco.sa,0.55
93349f2a410db108397228c95b24dfd8d911632f,B2B,showroom,"imar, engineering consultant",Saudi Arabia,riyadh,bd@imar.com.sa,+966112698484,imar.com.sa,google_cse|query=engineering consultancy Riyadh|rank=6|url=https://imar.com.sa/,45,False,2026-01-17T21:42:39.849350+00:00,imar.com.sa,0.55
bce648413318dea1f92a6b7a613375c6a5ad9a0c,B2B,unknown,architecture and design commission,Saudi Arabia,riyadh,info@moc.gov.sa,+9668001189999,archdesign.moc.gov.sa,google_cse|query=architectural design office Riyadh|rank=5|url=https://archdesign.moc.gov.sa/en,0,False,2026-01-17T21:42:40.254090+00:00,archdesign.moc.gov.sa,0.9
06849e1d0585e1eaa450abb094b40641f08d1f2c,B2B,unknown,about architecture,Saudi Arabia,khobar,campusvisit@pmu.edu.sa,+966138498880,pmu.edu.sa,google_cse|query=architectural design office Riyadh|rank=8|url=https://www.pmu.edu.sa/academics/about_architecture_coad_udp,0,False,2026-01-17T21:42:40.254090+00:00,pmu.edu.sa,0.9
3d11f87f15c67d56f48ee237ad286bb2be5ece4c,B2B,architect,amsad architectural associates,Saudi Arabia,riyadh,info@amsad.com,+20220200468,amsad.com,google_cse|query=architectural design office Riyadh|rank=7|url=https://amsad.com/,61,False,2026-01-17T21:42:40.254090+00:00,amsad.com,0.55
473b929f89d90305a2a591322058e4eca65b3fec,B2B,unknown,issuing a building permit,Saudi Arabia,riyadh,infocs@momah.gov.sa,,balady.gov.sa,google_cse|query=architectural design office Riyadh|rank=3|url=https://balady.gov.sa/en/services/issuing-building-permit,0,False,2026-01-17T21:42:40.254090+00:00,balady.gov.sa,0.9
a1846a4495219d02aa46279ba4c80c4b58d12ec5,B2B,unknown,pages,Saudi Arabia,riyadh,aaa@aaa.com,+966112529900,sbc.gov.sa,google_cse|query=architectural design office Riyadh|rank=9|url=https://sbc.gov.sa/En/Pages/default.aspx,0,False,2026-01-17T21:42:40.254090+00:00,sbc.gov.sa,0.9
7c4126db1240ba0aa01bed961c5dba61f644ae68,B2B,unknown,issuing a building permit,Saudi Arabia,unknown,infocs@momah.gov.sa,+966554199090,momah.gov.sa,google_cse|query=architectural design office Riyadh|rank=10|url=https://momah.gov.sa/en/e-services/issuance-building-license,0,False,2026-01-17T21:42:40.254090+00:00,momah.gov.sa,0.9
4e66d259cff1b66db6adafc3de57a91ce6eaa54a,B2B,fit-out,el,Saudi Arabia,riyadh,businessdev@el-seif.com.sa,+966114542759,el-seif.com.sa,google_cse|query=engineering office Riyadh|rank=9|url=https://www.el-seif.com.sa/,57,False,2026-01-17T21:42:40.657767+00:00,el-seif.com.sa,0.55
4a8dc910eb22e30cf22ae077892f8eaa59fa3759,B2B,fit-out,alrabiah consulting engineers,Saudi Arabia,riyadh,are@alrabiah.com.sa,+966138279737,alrabiah.com.sa,google_cse|query=engineering consultancy Riyadh|rank=4|url=https://www.alrabiah.com.sa/en/,57,False,2026-01-17T21:42:39.849350+00:00,alrabiah.com.sa,0.55
483e5ecfb18babece8ecb456f7f701d27e04f2f5,B2B,unknown,تفاصيل الخدمة,Saudi Arabia,الرياض,,,alriyadh.gov.sa,google_cse|query=مكتب هندسي Riyadh|rank=2|url=https://www.alriyadh.gov.sa/ar/services/1006?mainServiceCode=2,0,False,2026-01-17T21:42:41.067592+00:00,alriyadh.gov.sa,0.9
d5e8985298a9dc0c2d6d8163869aeea55377ed89,B2B,unknown,البوابة الالكترونية للخدمات البلدية لأمانة منطقة الرياض,Saudi Arabia,riyadh,940@alriyadh.gov.sa,,cts.alriyadh.gov.sa,google_cse|query=مكتب هندسي Riyadh|rank=3|url=https://cts.alriyadh.gov.sa/Pages/ServicesRedirect.aspx?ServiceCode=115&MainServiceCode=2&Ref=00115,0,False,2026-01-17T21:42:41.067592+00:00,cts.alriyadh.gov.sa,0.9
2c52c708c948d86df53d805a147d651684e3395f,B2B,unknown,البوابة الالكترونية للخدمات البلدية لأمانة منطقة الرياض,Saudi Arabia,riyadh,940@alriyadh.gov.sa,,eservices.alriyadh.gov.sa,google_cse|query=مكتب هندسي Riyadh|rank=6|url=https://eservices.alriyadh.gov.sa/Pages/ServicesRedirect.aspx?ServiceCode=011&MainServiceCode=2,0,False,2026-01-17T21:42:41.067592+00:00,eservices.alriyadh.gov.sa,0.9
bd088c0e5527c9a6a846d177d5bac1a12697ea19,B2B,unknown,أفضل مكتب هندسي معتمد في الرياض,Saudi Arabia,الرياض,marketing@abak.com.sa,+966531119591,abak.com.sa,google_cse|query=مكتب هندسي Riyadh|rank=9|url=https://abak.com.sa/ar/blogs/the-best-certified-engineering-office-in-riyadh,24,False,2026-01-17T21:42:41.067592+00:00,abak.com.sa,0.8099999999999999
737bb9f5c402fdc8c2212d8133bf2753ce717892,B2B,unknown,مكتب خبير للاستشارات الهندسية والمساحية,Saudi Arabia,الرياض,sales@expertconsult.sa,+966533775438,expertconsult.sa,google_cse|query=مكتب هندسي Riyadh|rank=4|url=https://expertconsult.sa/article/%D9%85%D9%83%D8%AA%D8%A8-%D9%87%D9%86%D8%AF%D8%B3%D9%8A-%D9%85%D8%AA%D8%AE%D8%B5%D8%B5-%D9%81%D9%8A-%D8%A7%D9%84%D8%A7%D8%B3%D8%AA%D8%B4%D8%A7%D8%B1%D8%A7%D8%AA-%D8%A7%D9%84%D9%87%D9%86%D8%AF%D8%B3%D9%8A%D8%A9,24,False,2026-01-17T21:42:41.067592+00:00,expertconsult.sa,0.8099999999999999
dc107cdef6eba4ee124d9d5bf84144110baa2eea,B2B,fit-out,abalkhail consulting engineering,Saudi Arabia,riyadh,aaa@abalkhail.com.sa,+966114764841,abalkhail.com.sa,google_cse|query=استشارات هندسية Riyadh|rank=7|url=https://abalkhail.com.sa/,56,False,2026-01-17T21:42:41.477472+00:00,abalkhail.com.sa,0.55
396ca6c97c9984b2248a0f3b901604e77e2efc93,B2B,unknown,استشارات هندسية و تصميم معماري,Saudi Arabia,riyadh,info@plan.com.sa,+966594068250,plan.com.sa,google_cse|query=استشارات هندسية Riyadh|rank=8|url=https://plan.com.sa/,41,False,2026-01-17T21:42:41.477472+00:00,plan.com.sa,0.64
90b15d27b035eee5a112243996ce4877ba06cbbd,B2B,architect,مجموعة رمز الهندسية,Saudi Arabia,jeddah,enviro@ramz.com.sa,+966114548404,ramz.com.sa,google_cse|query=استشارات هندسية Riyadh|rank=10|url=https://ramz.com.sa/,56,False,2026-01-17T21:42:41.477472+00:00,ramz.com.sa,0.55
aaf97b02e858f63ff9ad1d6656c5f30f09bd7688,B2B,architect,شركة هارموني الهندسية,Saudi Arabia,unknown,info@harmony.com.sa,,harmony.com.sa,google_cse|query=تصميم معماري Riyadh|rank=4|url=https://harmony.com.sa/,58,False,2026-01-17T21:42:41.783795+00:00,harmony.com.sa,0.55
d14717a99485dd2776ca473f54252b7f6ce415e8,B2B,unknown,كود تصميم المسار الرياضي في الرياض,Saudi Arabia,الرياض,,+9668001000090,sportsboulevard.sa,google_cse|query=تصميم معماري Riyadh|rank=5|url=https://sportsboulevard.sa/ar/design-code/,7,False,2026-01-17T21:42:41.783795+00:00,sportsboulevard.sa,0.9
d0398e3e03a60faec6851ff5893a3aa50f8eaaad,B2B,showroom,brigitte,Saudi Arabia,jeddah,info@brigitte.sa,+966126614559,brigitte.sa,google_cse|query=kitchen cabinets Jeddah|rank=9|url=https://brigitte.sa/,55,False,2026-01-17T21:42:42.297685+00:00,brigitte.sa,0.55
65349df1a15f98eff57a14c504e65070c4ef92a3,B2B,unknown,contact,Saudi Arabia,riyadh,info@alnassermfr.com.sa,+966126317366,alnassermfr.com.sa,google_cse|query=kitchen showroom Jeddah|rank=7|url=https://alnassermfr.com.sa/en/contact/,14,False,2026-01-17T21:42:42.706133+00:00,alnassermfr.com.sa,0.9
02d3f3231925901dc1bae4768cb1723de75e883e,B2B,showroom,kitchennet,Saudi Arabia,riyadh,info@kitchennet.com.sa,+966531992222,kitchennet.com.sa,google_cse|query=kitchen showroom Jeddah|rank=9|url=https://kitchennet.com.sa/,93,True,2026-01-17T21:42:42.706133+00:00,kitchennet.com.sa,0.95
5c73d799f2b00246243ade2174a3fc332170b7bc,B2B,unknown,alhalees group,Saudi Arabia,jeddah,cs@alhaleesgroup.com.sa,+9668002442220,alhaleesgroup.com.sa,google_cse|query=modular kitchen Jeddah|rank=10|url=https://alhaleesgroup.com.sa/,20,False,2026-01-17T21:42:43.116318+00:00,alhaleesgroup.com.sa,0.85
1b49725ed65b9cb6ff8c4cd1bf5e0dc24b48ad03,B2B,fit-out,perfectartcontracting.com,Saudi Arabia,riyadh,info@perfectartcontracting.com,+966112266222,perfectartcontracting.com,google_cse|query=manual_urls|rank=2|url=https://www.perfectartcontracting.com/,91,True,2026-01-18T23:08:26.782563+00:00,perfectartcontracting.com,0.9299999999999999
52f50f0bc39d85c17a85f1101163d99b351780a9,B2B,showroom,nadco.com.sa,Saudi Arabia,riyadh,hala@nadco.com.sa,+966503338759,nadco.com.sa,google_cse|query=manual_urls|rank=1|url=https://www.nadco.com.sa/en/,74,True,2026-01-18T23:08:26.782563+00:00,nadco.com.sa,0.76
876099545f11b4e0a8cecc209bbc54d933d86f78,B2B,fit-out,havelockone.com,Saudi Arabia,riyadh,,+96522251491,havelockone.com,google_cse|query=manual_urls|rank=6|url=https://www.havelockone.com/ksa,89,True,2026-01-18T23:28:25.595529+00:00,havelockone.com,0.9099999999999999
f1efe1e55727914761cbc53eda4a4211f6a9d2dd,B2B,showroom,sa.kitchenline.com,Saudi Arabia,riyadh,info@kitchenline.com,+966126822902,sa.kitchenline.com,google_cse|query=manual_urls|rank=7|url=https://sa.kitchenline.com/,100,True,2026-01-18T23:28:25.595529+00:00,sa.kitchenline.com,0.95
a821e3dee5a43c10928f097384ab86faf16c63ee,B2B,unknown,restofair.sa,Saudi Arabia,riyadh,restofair@restofair.sa,+966112489181,restofair.sa,google_cse|query=manual_urls|rank=10|url=https://www.restofair.sa/,33,False,2026-01-18T23:28:25.595529+00:00,restofair.sa,0.72
23d2401b682c12451db1fce9d60808d05e03d558,B2B,architect,drwazah.com.sa,Saudi Arabia,riyadh,,+966114942207,drwazah.com.sa,google_cse|query=manual_urls|rank=8|url=https://drwazah.com.sa/,57,False,2026-01-18T23:28:25.595529+00:00,drwazah.com.sa,0.55
f3f3f14884c8ca2eefcc67be3d0e9e3c144e4401,B2B,showroom,دبي للاستشارات الهندسية,Saudi Arabia,الرياض,majed@dubai.com.sa,+966502757025,dubai.com.sa,google_cse|query=استشارات هندسية Riyadh|rank=9|url=https://dubai.com.sa/%D8%A3%D9%81%D8%B6%D9%84-%D9%85%D9%83%D8%AA%D8%A8-%D8%A7%D8%B3%D8%AA%D8%B4%D8%A7%D8%B1%D8%A7%D8%AA-%D9%87%D9%86%D8%AF%D8%B3%D9%8A%D8%A9-%D9%81%D9%8A-%D8%A7%D9%84%D8%B1%D9%8A%D8%A7%D8%B6/,74,True,2026-01-17T21:42:41.477472+00:00,dubai.com.sa,0.76
ca093d6b80b68d03334bf93a9a09f129fdfedbc1,B2B,architect,english,Saudi Arabia,riyadh,,+966920031130,darbayat.sa,google_cse|query=kitchen cabinets Riyadh|rank=2|url=https://darbayat.sa/zanresidence/english/,58,False,2026-01-19T01:02:52.300193+00:00,darbayat.sa,0.55
49961f537458da9bc3e7bf0ece21562544e7475f,B2B,showroom,kitchen hood,Saudi Arabia,riyadh,dammam@sffeco.com.sa,+966112650070,sffeco.com,google_cse|query=kitchen cabinets Riyadh|rank=7|url=https://sffeco.com/products/kitchen-hood/,53,False,2026-01-19T01:02:52.300193+00:00,sffeco.com,0.55
954e8ed9a464f4b57a0af9c8984138316c7f1c70,B2B,unknown,javascript is disabled,unknown,unknown,,,booking.com,google_cse|query=kitchen cabinets Riyadh|rank=6|url=https://www.booking.com/hotel/sa/modern-apartment-with-bedroom-lounge-and-kitchen-lryd.html,0,False,2026-01-17T21:42:30.520950+00:00,booking.com,0.35
cc0ab5ba31db42da7823c84cd7f59e04a26e272c,B2B,unknown,youmats,unknown,unknown,,,youmats.com,google_cse|query=kitchen cabinets Riyadh|rank=9|url=https://www.youmats.com/en/construction-equipment/scaffolding-materials/scaffolding-accessories,0,False,2026-01-17T21:42:30.520950+00:00,youmats.com,0.35
c2b87e1637409e3ff6cd7e40e722013f035b055e,B2B,unknown,bayt,unknown,unknown,,,bayt.com,google_cse|query=kitchen showroom Riyadh|rank=9|url=https://www.bayt.com/en/saudi-arabia/jobs/showroom-manager-kitchen-line-73932054/,0,False,2026-01-17T21:42:31.099761+00:00,bayt.com,0.35
8576d734dd5d13146deddc9dd728f962cd418151,B2B,unknown,shaker,unknown,unknown,,,shaker.com.sa,google_cse|query=kitchen showroom Riyadh|rank=6|url=https://shaker.com.sa/reach-us/showroom-locations/,12,False,2026-01-17T21:42:31.099761+00:00,shaker.com.sa,0.35
10d63cf81de90654741aae5c7b5f7ee2d4546ab9,B2B,unknown,teka modular vitroceramic hob 30 cm with touch control and 2 cooking zones black glass,unknown,unknown,,+9668001279999,redsea.com,google_cse|query=modular kitchen Riyadh|rank=9|url=https://redsea.com/en/teka-modular-vitroceramic-hob-30-cm-with-touch-control-and-2-cooking-zones-black-glass,16,False,2026-01-17T21:42:31.443553+00:00,redsea.com,0.35
3c1890a699ca5d8d3548623092899a6749ba085c,B2B,unknown,hallek,unknown,unknown,,,hallek.com.sa,google_cse|query=custom kitchen Riyadh|rank=3|url=https://hallek.com.sa/empowering-oppolias-custom-kitchen-business-with-zoho-crm-zoho-project-zoho-social-and-zoho-books/,12,False,2026-01-17T21:42:31.953021+00:00,hallek.com.sa,0.35
7c8908d0235fd6df5140e1a0e43e7e1d9b545550,B2B,unknown,baytalebaa,unknown,unknown,,,baytalebaa.com,google_cse|query=custom kitchen Riyadh|rank=6|url=https://baytalebaa.com/en/KitchenGallery,0,False,2026-01-17T21:42:31.953021+00:00,baytalebaa.com,0.35
f7e1791c605a0278e086dad7196ad5598f300241,B2B,unknown,munch bakery,unknown,unknown,,,order.munchbakery.com,google_cse|query=custom kitchen Riyadh|rank=10|url=https://order.munchbakery.com/,0,False,2026-01-17T21:42:31.953021+00:00,order.munchbakery.com,0.35
c0c6c7989796b1f416bc2712bd243af18d25a6c2,B2B,unknown,dubizzle,unknown,unknown,,,dubizzle.sa,google_cse|query=wardrobes Riyadh|rank=7|url=https://www.dubizzle.sa/en/home-garden/furniture/q-wardrobe/,0,False,2026-01-17T21:42:32.978048+00:00,dubizzle.sa,0.35
c30f9dfa3d13a17bc3c3ded68269948d438c95fe,B2B,unknown,neathome,unknown,unknown,,,neathome.sa,google_cse|query=خزائن مطبخ Riyadh|rank=1|url=https://neathome.sa/ar/%D8%AE%D8%AF%D9%85%D8%A9-%D8%AA%D8%B5%D9%85%D9%8A%D9%85-%D8%AE%D8%B2%D8%A7%D8%A6%D9%86-%D9%85%D9%84%D8%A7%D8%A8%D8%B3-%D9%88%D9%85%D8%B7%D8%A7%D8%A8%D8%AE-%D8%A7%D8%AD%D8%AA%D8%B1%D8%A7%D9%81%D9%8A%D8%A9/p1898499393,12,False,2026-01-17T21:42:35.026248+00:00,neathome.sa,0.35
ef916fa283ab57e8125773e706879202995460c4,B2B,unknown,sa,unknown,unknown,,,sa.indeed.com,google_cse|query=خزائن مطبخ Riyadh|rank=6|url=https://sa.indeed.com/viewjob?jk=a09d3ccc7864ad5e,0,False,2026-01-17T21:42:35.026248+00:00,sa.indeed.com,0.35
c706cae5af51a28179beb92d8023357b31211a52,B2B,unknown,alghomlas,unknown,unknown,,,alghomlas.sa,google_cse|query=خزائن مطبخ Riyadh|rank=10|url=https://alghomlas.sa/ar/,12,False,2026-01-17T21:42:35.026248+00:00,alghomlas.sa,0.35
3e8c0792375d426658090630d34ad3711cedaef4,B2B,unknown,akhshab,unknown,unknown,,,akhshab.sa,google_cse|query=غرف ملابس Riyadh|rank=10|url=https://akhshab.sa/category/ADXzvD,0,False,2026-01-17T21:42:35.349659+00:00,akhshab.sa,0.35
1cd92499a97538d1f4dff3a104c3a6e2d5dd3a2e,B2B,unknown,psu,unknown,unknown,,,psu.edu.sa,google_cse|query=interior fit out Riyadh|rank=9|url=https://www.psu.edu.sa/CAD,0,False,2026-01-17T21:42:36.664152+00:00,psu.edu.sa,0.35
67db926f0fe0e903f1f2a1eb85e862ec8110531d,B2B,unknown,smartly,unknown,unknown,,,smartly.sa,google_cse|query=تشطيب Riyadh|rank=3|url=https://smartly.sa/ar/%D8%AE%D8%AF%D9%85%D8%A9-%D8%AA%D8%B1%D9%83%D9%8A%D8%A8-%D9%88%D8%AA%D8%B4%D8%B7%D9%8A%D8%A8-%D8%A8%D8%B1%D9%88%D9%81%D8%A7%D9%8A%D9%84-%D9%88%D9%88%D8%A7%D8%AC%D9%87%D8%A7%D8%AA-%D9%84%D8%A7%D8%AC%D8%B1%D8%A7%D9%81%D9%8A%D8%A9-%D9%81%D9%8A-%D8%A7%D9%84%D8%B1%D9%8A%D8%A7%D8%B6/p722524864,12,False,2026-01-17T21:42:37.893354+00:00,smartly.sa,0.35
8cfa564a5c3b5e3a7a7a0c47eb50d4606d512de7,B2B,unknown,zahw,unknown,unknown,,,zahw.sa,google_cse|query=تشطيب Riyadh|rank=8|url=https://www.zahw.sa/services.html,12,False,2026-01-17T21:42:37.893354+00:00,zahw.sa,0.35
1d0f5f4ef6c78c6b8cec129a43aa90831318e045,B2B,unknown,سكني,unknown,unknown,,,sakani.sa,google_cse|query=تسليم مفتاح Riyadh|rank=5|url=https://sakani.sa/app/certified-engineering-offices,12,False,2026-01-17T21:42:38.918370+00:00,sakani.sa,0.35
bf0140f418bf9204d3d7a55f1a89d4fea16b2220,B2B,unknown,restful,unknown,unknown,,,restful.mbg.sa,google_cse|query=فيت اوت Riyadh|rank=4|url=https://restful.mbg.sa/public/storage/data/uploads/09-01-2025/1a4721619ac6ae968d021e1d94d47926de6390a7/MBG-Profile-2024.pdf,12,False,2026-01-17T21:42:39.428859+00:00,restful.mbg.sa,0.35
9b058093e10bdafe8ca6f3f011d6b3152bbb13dd,B2B,unknown,اشتري فيد أوت كريم النهار الأزرق 50 مل أونلاين بالرياض,Saudi Arabia,الرياض,care@dawi.sa,+966501839681,dawi.sa,google_cse|query=فيت اوت Riyadh|rank=6|url=https://dawi.sa/ar/product/fade-out-cream-blue-day-cream50ml/,0,False,2026-01-17T21:42:39.428859+00:00,dawi.sa,0.9
51b909532441389f3d882d1381ce488d7e5a1842,B2B,unknown,carrefourksa,unknown,unknown,,,carrefourksa.com,google_cse|query=فيت اوت Riyadh|rank=7|url=https://www.carrefourksa.com/mafsau/ar/men-skin-care/fadeout-for-men-moist-cream-50ml/p/506668,0,False,2026-01-17T21:42:39.428859+00:00,carrefourksa.com,0.35
4ce504000dfb03fccd681e54b8744ce6505a4a2e,B2B,unknown,gulftalent,unknown,unknown,,,gulftalent.com,google_cse|query=engineering consultancy Riyadh|rank=9|url=https://www.gulftalent.com/saudi-arabia/companies/city/riyadh/industry/engineering/2,0,False,2026-01-17T21:42:39.849350+00:00,gulftalent.com,0.35
701e8c74f9c54d10696127baa82158a6a30838eb,B2B,unknown,Key Car Rental,Saudi Arabia,riyadh,hasan.alhaimi@key.sa,+966593330102,key.sa,google_cse|query=تسليم مفتاح Riyadh|rank=1|url=https://www.key.sa/,0,False,2026-01-17T21:42:38.918370+00:00,key.sa,0.9
7b31269259702580216d56406d03c9ad7fe8340b,B2B,unknown,princefaisal,unknown,unknown,,,princefaisal.alriyadh.gov.sa,google_cse|query=architectural design office Riyadh|rank=2|url=https://princefaisal.alriyadh.gov.sa/indexe.html,0,False,2026-01-17T21:42:40.254090+00:00,princefaisal.alriyadh.gov.sa,0.35
7b449afde2a8444d2c3ef380815b3695490a75c6,B2B,unknown,cap,unknown,unknown,,,cap.ksu.edu.sa,google_cse|query=architectural design office Riyadh|rank=6|url=https://cap.ksu.edu.sa/sites/cap.ksu.edu.sa/files/imce_images/jap_ksu_jul2012_e2.pdf,0,False,2026-01-17T21:42:40.254090+00:00,cap.ksu.edu.sa,0.9
cc90aa1c05a915fb4f00584f807306f7b79eed29,B2B,unknown,saudieng,unknown,unknown,,,saudieng.sa,google_cse|query=engineering office Riyadh|rank=1|url=https://www.saudieng.sa/English/pages/default.aspx,12,False,2026-01-17T21:42:40.657767+00:00,saudieng.sa,0.35
fad51de09222f34607591b2d9f7a3ef752daf319,B2B,unknown,ehkaam,unknown,unknown,,,ehkaam.sa,google_cse|query=مكتب هندسي Riyadh|rank=1|url=https://ehkaam.sa/engineering-office-list,12,False,2026-01-17T21:42:41.067592+00:00,ehkaam.sa,0.35
b210ff3040bfcff6bc42355d08ef069a91d67f81,B2B,unknown,department of civil engineering,Saudi Arabia,riyadh,ceo@qu.edu.sa,+966163011111,qu.edu.sa,google_cse|query=engineering office Riyadh|rank=8|url=https://www.qu.edu.sa/en/colleges/qec/departments/qec-1/,0,False,2026-01-17T21:42:40.657767+00:00,qu.edu.sa,0.9
e97e954705b07234820cc2f78ceca889143a069f,B2B,unknown,consulting license for engineering offices in saudi arabia,Saudi Arabia,riyadh,saudi@altaasis.sa,+966118274044,altaasis.sa,google_cse|query=engineering office Riyadh|rank=10|url=https://altaasis.sa/licenses/consulting-license-for-engineering-offices/,0,False,2026-01-17T21:42:40.657767+00:00,altaasis.sa,0.9
a1acbedcf770ca1b629477da83d6e3c5b382061d,B2B,unknown,modon,unknown,unknown,,,modon.gov.sa,google_cse|query=مكتب هندسي Riyadh|rank=10|url=https://modon.gov.sa/ar/Partners/Documents/%D9%82%D8%A7%D9%8A%D9%94%D9%85%D8%A9%20%D8%A7%D9%84%D9%85%D9%83%D8%A7%D8%AA%D8%A8%20%D8%A7%D9%84%D9%87%D9%86%D8%AF%D8%B3%D9%8A%D8%A9%20%D8%A7%D9%84%D9%85%D9%88%D9%94%D9%87%D9%84%D8%A9%20%D9%84%D9%84%D8%B9%D9%85%D9%84%20%D8%A8%D9%85%D8%B4%D8%A7%D8%B1%D9%8A%D8%B9%20%D8%A7%D9%84%D9%82%D8%B7%D8%A7%D8%B9%20%D8%A7%D9%84%D8%AE%D8%A7%D8%B5%20%D9%84%D8%AF%D9%89%20%D9%85%D8%AF%D9%86%20_%2030%20%D9%85%D8%A7%D9%8A%D9%88%202025%20_%20V02_.pdf,0,False,2026-01-17T21:42:41.067592+00:00,modon.gov.sa,0.35
3053a3b7c560d776054664dd17b58afc25452943,B2B,unknown,award,unknown,unknown,,,award.alriyadh.gov.sa,google_cse|query=تصميم معماري Riyadh|rank=1|url=https://award.alriyadh.gov.sa/,0,False,2026-01-17T21:42:41.783795+00:00,award.alriyadh.gov.sa,0.35
4c3c3ab483b357befd895dc6d353747c3a04a123,B2B,unknown,الرئيسية,Saudi Arabia,الرياض,info@architsaudi.com,,architsaudi.dasc.gov.sa,google_cse|query=تصميم معماري Riyadh|rank=7|url=https://architsaudi.dasc.gov.sa/,0,False,2026-01-17T21:42:41.783795+00:00,architsaudi.dasc.gov.sa,0.9
29773970d6e0b897c4ab27790b79d5695a5daf13,B2B,unknown,daralarkan,unknown,unknown,,,daralarkan.com,google_cse|query=kitchen cabinets Riyadh|rank=10|url=https://www.daralarkan.com/wp-content/uploads/2021/12/darrc-brochureen.pdf,0,False,2026-01-19T01:02:52.300193+00:00,daralarkan.com,0.35
3fe6a18ec22c82c67c8df509066d3f759ab792ed,B2B,unknown,bath & body works ksa,Saudi Arabia,unknown,,,bathandbodyworks.com.sa,google_cse|query=kitchen showroom Riyadh|rank=7|url=https://www.bathandbodyworks.com.sa/en/,12,False,2026-01-19T01:02:52.707989+00:00,bathandbodyworks.com.sa,0.9
57ee50ca557d9b310fc5a614e2d1d1c1f141c408,B2B,unknown,javascript is disabled,unknown,unknown,,,saudi.tanqeeb.com,google_cse|query=kitchen showroom Riyadh|rank=5|url=https://saudi.tanqeeb.com/s/jobs/kitchen-design-jobs,0,False,2026-01-19T01:02:52.707989+00:00,saudi.tanqeeb.com,0.35
a84e5678e835334a9ad860bb369708bf3b4b8942,B2B,unknown,Extra,Saudi Arabia,riyadh,,+966584430757,extra.com,google_cse|query=kitchen showroom Riyadh|rank=1|url=https://www.extra.com/en-sa,35,False,2026-01-19T01:02:52.707989+00:00,extra.com,0.7
8809421011eb44d26f0df7be0f1b921e5c885300,B2B,unknown,saco,unknown,unknown,,,saco.sa,google_cse|query=kitchen showroom Riyadh|rank=9|url=https://www.saco.sa/en/,12,False,2026-01-19T01:02:52.707989+00:00,saco.sa,0.35
aaaad4e9b21fc20002f4c7b2a52c6ad8ad2e4845,B2B,unknown,"buy furniture and  decor online , homzmart saudi",Saudi Arabia,riyadh,hello@homzmart.sa,,homzmart.sa,google_cse|query=modular kitchen Riyadh|rank=7|url=https://homzmart.sa/en,19,False,2026-01-19T01:02:53.220242+00:00,homzmart.sa,0.86
4f071be7b7b5767f182ce776957af8de4bb08fb1,B2B,unknown,hostarabia,unknown,unknown,,,hostarabia.com.sa,google_cse|query=modular kitchen Riyadh|rank=8|url=https://hostarabia.com.sa/en/saudi-arabias-giga-projects-what-they-mean-for-hospitality-suppliers-ahead-of-host-arabia-2025/,12,False,2026-01-19T01:02:53.220242+00:00,hostarabia.com.sa,0.35
44b4315d1abb1b62624c38dee586a2cacc6afa69,B2B,unknown,tecnoinox italian commercial kitchen equipment,Saudi Arabia,riyadh,ekuep@ekuep.com,+966135120313,ekuep.com,google_cse|query=modular kitchen Riyadh|rank=2|url=https://www.ekuep.com/en/tecnoinox,0,False,2026-01-19T01:02:53.220242+00:00,ekuep.com,0.9
217241aed358a31c4e97487339969b796c00431f,B2B,unknown,rent,unknown,unknown,rental-cs@ekuep.com,,rent.ekuep.com,google_cse|query=modular kitchen Riyadh|rank=4|url=https://rent.ekuep.com/wp-content/uploads/2023/10/Riyadh-Season-Essentials.pdf,0,False,2026-01-19T01:02:53.220242+00:00,rent.ekuep.com,0.9
bd89ef92061d4aedb57773f0217e8015095f25bc,B2B,unknown,ada applies the world’s best work environment standards in riyadh metro project,Saudi Arabia,riyadh,info@rcrc.gov.sa,+966118020001,rcrc.gov.sa,google_cse|query=modular kitchen Riyadh|rank=9|url=https://www.rcrc.gov.sa/en/ada-applies-the-worlds-best-work-environment-standards-in-riyadh-metro-project/,0,False,2026-01-19T01:02:53.220242+00:00,rcrc.gov.sa,0.9
3c9bfefeaf2a9e4055330d0acface437ad145eb0,B2B,unknown,Sheta & Saif for  Appliances and Electronics,Saudi Arabia,riyadh,online@swsg.co,+9668001249800,swsg.co,google_cse|query=kitchen showroom Riyadh|rank=10|url=https://swsg.co/en/,14,False,2026-01-19T01:02:52.707989+00:00,swsg.co,0.9
23d55bf90937050dbe288b7c561974f2dce70d1c,B2B,unknown,modular equipment,Saudi Arabia,riyadh,contact@hosinox.sa,+21675624053,hosinox.sa,google_cse|query=modular kitchen Riyadh|rank=3|url=https://hosinox.sa/en/product-category/modular-equipment/,4,False,2026-01-19T01:02:53.220242+00:00,hosinox.sa,0.9
